{
  "scenarios": [
    "class_writing",
    "break_discussion",
    "projection",
    "board_writing",
    "self_study"
  ],
  "cell_count": 93,
  "lamp_count": 22,
  "solvers": [
    "L-BFGS-B"
  ],
  "all_solver_success": true,
  "mean_control_by_scenario": {
    "class_writing": 0.8247427748145895,
    "break_discussion": 0.7993137184283736,
    "projection": 0.26620701682998116,
    "board_writing": 0.6746301610870123,
    "self_study": 0.45363037981542526
  },
  "quality_by_scenario": {
    "class_writing": {
      "mean_under_light": 0.001832104157034987,
      "max_under_light": 0.02674383471860342,
      "task_mean_under_light": 0.0027481562355524806,
      "task_max_under_light": 0.02674383471860342,
      "mean_over_light": 0.007642477981806909,
      "max_over_light": 0.04052198265881246,
      "mean_energy": 0.8247427748145895,
      "relative_energy": 0.8247427748145895,
      "target_satisfaction_rate": 1.0,
      "task_target_satisfaction_rate": 1.0,
      "normalized_target_satisfaction": 1.0,
      "mock_light_estimation_error": 0.3408298632068543
    },
    "break_discussion": {
      "mean_under_light": 0.0009025983075593448,
      "max_under_light": 0.06301510346556893,
      "task_mean_under_light": 0.013990273767169844,
      "task_max_under_light": 0.06301510346556893,
      "mean_over_light": 0.0012441570246803195,
      "max_over_light": 0.026066101421007848,
      "mean_energy": 0.7993137184283736,
      "relative_energy": 0.7993137184283736,
      "target_satisfaction_rate": 1.0,
      "task_target_satisfaction_rate": 1.0,
      "normalized_target_satisfaction": 1.0,
      "mock_light_estimation_error": 0.3390049353582954
    },
    "projection": {
      "mean_under_light": 1.1975256262186292e-05,
      "max_under_light": 0.00021241042218522743,
      "task_mean_under_light": 2.855638031752116e-05,
      "task_max_under_light": 0.00021241042218522743,
      "mean_over_light": 0.0,
      "max_over_light": 0.0,
      "mean_energy": 0.26620701682998116,
      "relative_energy": 0.26620701682998116,
      "target_satisfaction_rate": 1.0,
      "task_target_satisfaction_rate": 1.0,
      "normalized_target_satisfaction": 1.0,
      "mock_light_estimation_error": 0.04107239065896313
    },
    "board_writing": {
      "mean_under_light": 0.000836563708600438,
      "max_under_light": 0.04797725270274755,
      "task_mean_under_light": 0.0043222458277689295,
      "task_max_under_light": 0.04797725270274755,
      "mean_over_light": 0.00520769161493806,
      "max_over_light": 0.1742343349755634,
      "mean_energy": 0.6746301610870123,
      "relative_energy": 0.6746301610870123,
      "target_satisfaction_rate": 1.0,
      "task_target_satisfaction_rate": 1.0,
      "normalized_target_satisfaction": 1.0,
      "mock_light_estimation_error": 0.2813602695314891
    },
    "self_study": {
      "mean_under_light": 8.693112295067987e-06,
      "max_under_light": 0.0006154128030255723,
      "task_mean_under_light": 0.00011549420620590325,
      "task_max_under_light": 0.0006154128030255723,
      "mean_over_light": 0.0,
      "max_over_light": 0.0,
      "mean_energy": 0.45363037981542526,
      "relative_energy": 0.45363037981542526,
      "target_satisfaction_rate": 1.0,
      "task_target_satisfaction_rate": 1.0,
      "normalized_target_satisfaction": 1.0,
      "mock_light_estimation_error": 0.13443220258908792
    }
  },
  "static_auxiliary_by_scenario": {
    "class_writing": {
      "dynamic_residual_level": 0.015624432643427742,
      "mean_visibility_weight": 1.0,
      "mean_base_reflectance": 0.5397849462365591
    },
    "break_discussion": {
      "dynamic_residual_level": 0.015624432643427742,
      "mean_visibility_weight": 1.0,
      "mean_base_reflectance": 0.5397849462365591
    },
    "projection": {
      "dynamic_residual_level": 0.015624432643427742,
      "mean_visibility_weight": 1.0,
      "mean_base_reflectance": 0.5397849462365591
    },
    "board_writing": {
      "dynamic_residual_level": 0.015624432643427742,
      "mean_visibility_weight": 1.0,
      "mean_base_reflectance": 0.5397849462365591
    },
    "self_study": {
      "dynamic_residual_level": 0.015624432643427742,
      "mean_visibility_weight": 1.0,
      "mean_base_reflectance": 0.5397849462365591
    }
  },
  "calibration": {
    "class_writing": {
      "kind": "mock_indirect_supervision_demo",
      "label_field": "mock_control_strategy_label",
      "examples": 1.0,
      "mean_control_strategy_loss": 0.0008657898340876479,
      "note": "mock report only; labels are synthetic control-strategy examples, not real human annotations or trained coefficients"
    },
    "break_discussion": {
      "kind": "mock_indirect_supervision_demo",
      "label_field": "mock_control_strategy_label",
      "examples": 1.0,
      "mean_control_strategy_loss": 0.0012338896881018606,
      "note": "mock report only; labels are synthetic control-strategy examples, not real human annotations or trained coefficients"
    },
    "projection": {
      "kind": "mock_indirect_supervision_demo",
      "label_field": "mock_control_strategy_label",
      "examples": 1.0,
      "mean_control_strategy_loss": 0.0004547384168401484,
      "note": "mock report only; labels are synthetic control-strategy examples, not real human annotations or trained coefficients"
    },
    "board_writing": {
      "kind": "mock_indirect_supervision_demo",
      "label_field": "mock_control_strategy_label",
      "examples": 1.0,
      "mean_control_strategy_loss": 0.0008150605430417644,
      "note": "mock report only; labels are synthetic control-strategy examples, not real human annotations or trained coefficients"
    },
    "self_study": {
      "kind": "mock_indirect_supervision_demo",
      "label_field": "mock_control_strategy_label",
      "examples": 1.0,
      "mean_control_strategy_loss": 0.0006809344643090562,
      "note": "mock report only; labels are synthetic control-strategy examples, not real human annotations or trained coefficients"
    }
  },
  "method_alignment": {
    "closed_variable_chain": [
      "VGGT-like semantic point maps",
      "work-surface cells C={cell_i}",
      "3DGS helper outputs: dynamic_residual, visibility_weight, base_reflectance",
      "F_i(t), O_t(i), A_t(i,k), L_t(i)",
      "L_day,t(i), R_t(i), M(i,g)",
      "optimized lamp control vector c_t"
    ],
    "mock_modules": [
      "VGGT geometry reconstruction",
      "3DGS static scene",
      "Swin-Tiny-FPN perception heads",
      "indirect supervision labels",
      "lamp hardware response"
    ],
    "not_claimed": [
      "real model training",
      "real multi-camera calibration",
      "real illuminance-meter validation",
      "deployable classroom control system"
    ],
    "cell_index_note": "Lamps may be localized by semantic masks, but lamps are not work-surface cells and are stored separately from Cell."
  },
  "solver_success_note": "solver_success only means the optimizer converged; it does not mean every cell demand is fully satisfied.",
  "disclaimer": "Runnable mock prototype only; no trained VGGT/3DGS/Swin models or real lamp hardware."
}