{
  "scenarios": [
    "class_writing",
    "break_discussion",
    "projection",
    "board_writing",
    "self_study"
  ],
  "cell_count": 93,
  "lamp_count": 22,
  "solvers": [
    "L-BFGS-B"
  ],
  "all_solver_success": true,
  "mean_control_by_scenario": {
    "class_writing": 0.8233055276092043,
    "break_discussion": 0.7993134081942873,
    "projection": 0.26620701682998116,
    "board_writing": 0.6233547704409658,
    "self_study": 0.45363037981542526
  },
  "quality_by_scenario": {
    "class_writing": {
      "mean_under_light": 0.001732881434649885,
      "max_under_light": 0.02663303891606561,
      "task_mean_under_light": 0.0025993221519748275,
      "task_max_under_light": 0.02663303891606561,
      "mean_over_light": 0.007390149302151779,
      "max_over_light": 0.0399414013860816,
      "mean_energy": 0.8233055276092043,
      "relative_energy": 0.8233055276092043,
      "target_satisfaction_rate": 1.0,
      "task_target_satisfaction_rate": 1.0,
      "normalized_target_satisfaction": 1.0,
      "mock_light_estimation_error": 0.33892886654793497
    },
    "break_discussion": {
      "mean_under_light": 0.0009025982801712088,
      "max_under_light": 0.06301509592082466,
      "task_mean_under_light": 0.013990273342653736,
      "task_max_under_light": 0.06301509592082466,
      "mean_over_light": 0.0012441576563901593,
      "max_over_light": 0.026065870279052827,
      "mean_energy": 0.7993134081942873,
      "relative_energy": 0.7993134081942873,
      "target_satisfaction_rate": 1.0,
      "task_target_satisfaction_rate": 1.0,
      "normalized_target_satisfaction": 1.0,
      "mock_light_estimation_error": 0.33900481674755084
    },
    "projection": {
      "mean_under_light": 1.1975256262186292e-05,
      "max_under_light": 0.00021241042218522743,
      "task_mean_under_light": 2.855638031752116e-05,
      "task_max_under_light": 0.00021241042218522743,
      "mean_over_light": 0.0,
      "max_over_light": 0.0,
      "mean_energy": 0.26620701682998116,
      "relative_energy": 0.26620701682998116,
      "target_satisfaction_rate": 1.0,
      "task_target_satisfaction_rate": 1.0,
      "normalized_target_satisfaction": 1.0,
      "mock_light_estimation_error": 0.04107239065896313
    },
    "board_writing": {
      "mean_under_light": 0.0007538017644043769,
      "max_under_light": 0.0437220670303724,
      "task_mean_under_light": 0.003894642449422614,
      "task_max_under_light": 0.0437220670303724,
      "mean_over_light": 0.00491956355460538,
      "max_over_light": 0.17598419158390122,
      "mean_energy": 0.6233547704409658,
      "relative_energy": 0.6233547704409658,
      "target_satisfaction_rate": 1.0,
      "task_target_satisfaction_rate": 1.0,
      "normalized_target_satisfaction": 1.0,
      "mock_light_estimation_error": 0.2543987071261159
    },
    "self_study": {
      "mean_under_light": 8.693112295067987e-06,
      "max_under_light": 0.0006154128030255723,
      "task_mean_under_light": 0.00011549420620590325,
      "task_max_under_light": 0.0006154128030255723,
      "mean_over_light": 0.0,
      "max_over_light": 0.0,
      "mean_energy": 0.45363037981542526,
      "relative_energy": 0.45363037981542526,
      "target_satisfaction_rate": 1.0,
      "task_target_satisfaction_rate": 1.0,
      "normalized_target_satisfaction": 1.0,
      "mock_light_estimation_error": 0.13443220258908792
    }
  },
  "static_auxiliary_by_scenario": {
    "class_writing": {
      "dynamic_residual_level": 0.015624432643427742,
      "mean_visibility_weight": 1.0,
      "mean_base_reflectance": 0.5397849462365591
    },
    "break_discussion": {
      "dynamic_residual_level": 0.015624432643427742,
      "mean_visibility_weight": 1.0,
      "mean_base_reflectance": 0.5397849462365591
    },
    "projection": {
      "dynamic_residual_level": 0.015624432643427742,
      "mean_visibility_weight": 1.0,
      "mean_base_reflectance": 0.5397849462365591
    },
    "board_writing": {
      "dynamic_residual_level": 0.015624432643427742,
      "mean_visibility_weight": 1.0,
      "mean_base_reflectance": 0.5397849462365591
    },
    "self_study": {
      "dynamic_residual_level": 0.015624432643427742,
      "mean_visibility_weight": 1.0,
      "mean_base_reflectance": 0.5397849462365591
    }
  },
  "calibration": {
    "class_writing": {
      "kind": "mock_indirect_supervision_demo",
      "label_field": "mock_control_strategy_label",
      "examples": 1.0,
      "mean_control_strategy_loss": 0.0008612926236689357,
      "mean_control_error": 0.0007797721060158513,
      "mean_light_error": 0.00020380129413271085,
      "mean_theta_regularization": 0.0,
      "note": "mock report only; labels are synthetic control-strategy examples, not real human annotations or trained coefficients"
    },
    "break_discussion": {
      "kind": "mock_indirect_supervision_demo",
      "label_field": "mock_control_strategy_label",
      "examples": 1.0,
      "mean_control_strategy_loss": 0.0012338904593055071,
      "mean_control_error": 0.0011421933031510142,
      "mean_light_error": 0.00022924289038623243,
      "mean_theta_regularization": 0.0,
      "note": "mock report only; labels are synthetic control-strategy examples, not real human annotations or trained coefficients"
    },
    "projection": {
      "kind": "mock_indirect_supervision_demo",
      "label_field": "mock_control_strategy_label",
      "examples": 1.0,
      "mean_control_strategy_loss": 0.0004547384168401484,
      "mean_control_error": 0.000379535312510278,
      "mean_light_error": 0.000188007760824676,
      "mean_theta_regularization": 0.0,
      "note": "mock report only; labels are synthetic control-strategy examples, not real human annotations or trained coefficients"
    },
    "board_writing": {
      "kind": "mock_indirect_supervision_demo",
      "label_field": "mock_control_strategy_label",
      "examples": 1.0,
      "mean_control_strategy_loss": 0.0012120855890574698,
      "mean_control_error": 0.001167177692862673,
      "mean_light_error": 0.00011226974048699181,
      "mean_theta_regularization": 0.0,
      "note": "mock report only; labels are synthetic control-strategy examples, not real human annotations or trained coefficients"
    },
    "self_study": {
      "kind": "mock_indirect_supervision_demo",
      "label_field": "mock_control_strategy_label",
      "examples": 1.0,
      "mean_control_strategy_loss": 0.0006809344643090562,
      "mean_control_error": 0.000632198443685412,
      "mean_light_error": 0.0001218400515591104,
      "mean_theta_regularization": 0.0,
      "note": "mock report only; labels are synthetic control-strategy examples, not real human annotations or trained coefficients"
    }
  },
  "method_alignment": {
    "closed_variable_chain": [
      "VGGT semantic point maps or mock VGGT-like semantic point maps",
      "work-surface cells C={cell_i}",
      "3DGS helper outputs: dynamic_residual, visibility_weight, base_reflectance",
      "F_i(t), O_t(i), A_t(i,k), L_t(i)",
      "L_day,t(i), R_t(i), M(i,g)",
      "optimized lamp control vector c_t"
    ],
    "real_backend_interfaces": [
      "facebookresearch/vggt adapter",
      "graphdeco-inria/gaussian-splatting adapter"
    ],
    "default_mock_modules": [
      "VGGT geometry reconstruction",
      "3DGS static scene",
      "Swin-Tiny-FPN perception heads",
      "indirect supervision labels",
      "lamp hardware response"
    ],
    "not_claimed": [
      "real model training",
      "real multi-camera calibration",
      "real illuminance-meter validation",
      "deployable classroom control system"
    ],
    "cell_index_note": "Lamps may be localized by semantic masks, but lamps are not work-surface cells and are stored separately from Cell."
  },
  "backend": {
    "backend_used": "mock",
    "requested_backend": "mock",
    "external_repos": {
      "vggt": "/workspaces/green/third_party/vggt",